Trends,Search volume,Started,Ended,Trend breakdown,Explore link
wheelchair tennis paralympics,200K+,"September 3, 2024 at 12:00:00 AM UTC+5:30",,"wheelchair tennis paralympics,wheelchair tennis paralympics 2024,paralympic tennis 2024,paralympics tennis players",https://trends.google.com/trends/explore?q=wheelchair%20tennis%20paralympics&geo=IN&hl=en
weather,500K+,"September 3, 2024 at 6:40:00 AM UTC+5:30",,weather,https://trends.google.com/trends/explore?q=weather&geo=IN&hl=en
jasdeep singh gill,100K+,"September 2, 2024 at 1:50:00 PM UTC+5:30",,"jasdeep singh gill,rssb,jasdeep singh gill rssb,jasdeep singh radha soami satsang beas,radha soami,radha soami satsang jasdeep singh gill,jasdeep singh gill dera beas,gurinder singh dhillon,rssb news,radha soami baba ji,dera beas,radha soami satsang beas,sukhdev singh gill,dera beas news,gurinder singh,baba gurinder singh ji,patron,baba gurinder singh,jasdeep singh gill radha soami,radha soami news,radha soami satsang,rssb satsang,rssb latest news,rssb news today,cipla,jasdeep singh gill beas,s jasdeep singh gill,who is jasdeep singh gill",https://trends.google.com/trends/explore?q=jasdeep%20singh%20gill&geo=IN&hl=en
aap mla amanatullah khan,20K+,"September 2, 2024 at 8:50:00 PM UTC+5:30",,"aap mla amanatullah khan,amanatullah khan aap mla,amanatullah khan",https://trends.google.com/trends/explore?q=aap%20mla%20amanatullah%20khan&geo=IN&hl=en
ap dhillon,20K+,"September 2, 2024 at 4:40:00 PM UTC+5:30",,"ap dhillon,lawrence bishnoi,a p dhillon,goldy brar",https://trends.google.com/trends/explore?q=ap%20dhillon&geo=IN&hl=en
tata curvv petrol,20K+,"September 2, 2024 at 1:30:00 PM UTC+5:30",,"tata curvv petrol,curvv,tata curvv price,curvv price,tata curvv petrol price,tata,tata curvv.ev,tata curvv ice,tata motors,tata curvv ev",https://trends.google.com/trends/explore?q=tata%20curvv%20petrol&geo=IN&hl=en
samitha dulan,20K+,"September 2, 2024 at 10:30:00 PM UTC+5:30",,samitha dulan,https://trends.google.com/trends/explore?q=samitha%20dulan&geo=IN&hl=en
rrb ntpc,50K+,"September 2, 2024 at 12:00:00 PM UTC+5:30",,"rrb ntpc,ntpc,railway ntpc,rrb,railway rrb ntpc,ntpc recruitment 2024,railway recruitment 2024,ntpc notification 2024,ntpc recruitment",https://trends.google.com/trends/explore?q=rrb%20ntpc&geo=IN&hl=en
ic 814 kandahar hijacking netflix,10K+,"September 3, 2024 at 5:00:00 AM UTC+5:30",,"ic 814 kandahar hijacking netflix,kandahar hijacking ic 814,ic 814 hijackers,delhi high court,ic 814 kandahar hijack,kandahar hijack movie",https://trends.google.com/trends/explore?q=ic%20814%20kandahar%20hijacking%20netflix&geo=IN&hl=en
bjp membership,10K+,"September 2, 2024 at 5:20:00 PM UTC+5:30",,"bjp membership,bjp membership card,bharatiya janata party membership,bjp membership number",https://trends.google.com/trends/explore?q=bjp%20membership&geo=IN&hl=en
rrb ntpc notification 2024,10K+,"September 2, 2024 at 12:10:00 PM UTC+5:30",,"rrb ntpc notification 2024,ntpc notification",https://trends.google.com/trends/explore?q=rrb%20ntpc%20notification%202024&geo=IN&hl=en
rrb ntpc notification,10K+,"September 2, 2024 at 12:30:00 PM UTC+5:30",,rrb ntpc notification,https://trends.google.com/trends/explore?q=rrb%20ntpc%20notification&geo=IN&hl=en
gala precision engineering,20K+,"September 2, 2024 at 8:00:00 AM UTC+5:30",,"gala precision engineering,gala precision engineering ipo gmp,gala precision engineering ipo gmp today,gala precision engineering limited ipo gmp",https://trends.google.com/trends/explore?q=gala%20precision%20engineering&geo=IN&hl=en
boss packaging solutions ipo gmp,5K+,"September 2, 2024 at 8:40:00 AM UTC+5:30",,boss packaging solutions ipo gmp,https://trends.google.com/trends/explore?q=boss%20packaging%20solutions%20ipo%20gmp&geo=IN&hl=en
deepika padukone,20K+,"September 2, 2024 at 6:40:00 PM UTC+5:30",,deepika padukone,https://trends.google.com/trends/explore?q=deepika%20padukone&geo=IN&hl=en
deepthi jeevanji,5K+,"September 2, 2024 at 11:20:00 PM UTC+5:30",,deepthi jeevanji,https://trends.google.com/trends/explore?q=deepthi%20jeevanji&geo=IN&hl=en
japanese man sleeps 30 minutes,2K+,"September 3, 2024 at 6:20:00 AM UTC+5:30",,japanese man sleeps 30 minutes,https://trends.google.com/trends/explore?q=japanese%20man%20sleeps%2030%20minutes&geo=IN&hl=en
sharad kumar,5K+,"September 2, 2024 at 6:00:00 PM UTC+5:30",,sharad kumar,https://trends.google.com/trends/explore?q=sharad%20kumar&geo=IN&hl=en
rawalpindi weather,20K+,"September 2, 2024 at 9:20:00 AM UTC+5:30",,"rawalpindi weather,rawalpindi cricket stadium weather,rawalpindi weather today,pakistan national cricket team vs bangladesh national cricket team timeline,where to watch pakistan national cricket team vs bangladesh national cricket team",https://trends.google.com/trends/explore?q=rawalpindi%20weather&geo=IN&hl=en
rpsc,10K+,"September 2, 2024 at 8:20:00 PM UTC+5:30",,rpsc,https://trends.google.com/trends/explore?q=rpsc&geo=IN&hl=en
sandip ghosh,20K+,"September 2, 2024 at 8:20:00 PM UTC+5:30",,"sandip ghosh,sandeep ghosh,sandip ghosh arrested,sandip ghosh news,sandip ghosh arrest,rg kar news,sandeep ghosh arrested,sandip ghosh rg kar,sandeep ghosh news",https://trends.google.com/trends/explore?q=sandip%20ghosh&geo=IN&hl=en
prakasam barrage,5K+,"September 2, 2024 at 9:00:00 AM UTC+5:30",,prakasam barrage,https://trends.google.com/trends/explore?q=prakasam%20barrage&geo=IN&hl=en
premier energies share price,20K+,"September 2, 2024 at 9:10:00 AM UTC+5:30",,"premier energies share price,premier energies ipo,premier energies listing date,premier energies,grey market premium,ipo gmp today,premier energies ipo listing,premier energy listing date,premier energy share price,premier energies limited,premier energies limited share price,premier energies listing",https://trends.google.com/trends/explore?q=premier%20energies%20share%20price&geo=IN&hl=en
baazar style retail ipo gmp,10K+,"September 2, 2024 at 8:10:00 AM UTC+5:30",,"baazar style retail ipo gmp,baazar style ipo,baazar style ipo gmp,bazaar style ipo gmp today,gmp ipo,baazar style retail limited",https://trends.google.com/trends/explore?q=baazar%20style%20retail%20ipo%20gmp&geo=IN&hl=en
coolie rajinikanth,5K+,"September 2, 2024 at 11:40:00 PM UTC+5:30",,"coolie rajinikanth,shruti haasan,coolie rajini,coolie,lokesh kanagaraj",https://trends.google.com/trends/explore?q=coolie%20rajinikanth&geo=IN&hl=en
suhas yathiraj,10K+,"September 2, 2024 at 5:40:00 PM UTC+5:30",,"suhas yathiraj,nitesh kumar badminton,nitish kumar paralympics,sukant kadam,nitesh kumar,nitish kumar badminton,gold,nitesh kumar para badminton,yathiraj",https://trends.google.com/trends/explore?q=suhas%20yathiraj&geo=IN&hl=en
gabbar singh re release collection,2K+,"September 2, 2024 at 7:10:00 PM UTC+5:30",,gabbar singh re release collection,https://trends.google.com/trends/explore?q=gabbar%20singh%20re%20release%20collection&geo=IN&hl=en
adre admit card download,50K+,"September 2, 2024 at 10:50:00 AM UTC+5:30",,"adre admit card download,adre,slrc admit card,slrc,www.sebaonline.org 2024,seba online.org,grade 3 admit card,3rd grade admit card,assam direct recruitment admit card,state level recruitment commission,adre admit,slrc assam,assam adre admit card 2024,assam direct recruitment,grade 3 admit card download 2024,adre admit card 2024 link",https://trends.google.com/trends/explore?q=adre%20admit%20card%20download&geo=IN&hl=en
w785,10K+,"September 2, 2024 at 3:30:00 PM UTC+5:30",,"w785,w785 lottery result today,kerala lottery results win win,kerala lottery results,win win kerala lottery results,win win lottery result,kerala lottery result today live 3pm",https://trends.google.com/trends/explore?q=w785&geo=IN&hl=en
mariyappan thangavelu,2K+,"September 2, 2024 at 11:30:00 PM UTC+5:30",,mariyappan thangavelu,https://trends.google.com/trends/explore?q=mariyappan%20thangavelu&geo=IN&hl=en
magadh university,5K+,"September 2, 2024 at 7:10:00 PM UTC+5:30",,magadh university,https://trends.google.com/trends/explore?q=magadh%20university&geo=IN&hl=en
syed salim geelani,2K+,"September 2, 2024 at 5:40:00 PM UTC+5:30",,syed salim geelani,https://trends.google.com/trends/explore?q=syed%20salim%20geelani&geo=IN&hl=en
teachers day,2K+,"September 3, 2024 at 6:30:00 AM UTC+5:30",,teachers day,https://trends.google.com/trends/explore?q=teachers%20day&geo=IN&hl=en
kirti azad,5K+,"September 2, 2024 at 2:10:00 PM UTC+5:30",,"kirti azad,कीर्ति आजाद",https://trends.google.com/trends/explore?q=kirti%20azad&geo=IN&hl=en
kerala cricket league,5K+,"September 2, 2024 at 2:20:00 PM UTC+5:30",,kerala cricket league,https://trends.google.com/trends/explore?q=kerala%20cricket%20league&geo=IN&hl=en
bjp,2K+,"September 2, 2024 at 6:10:00 PM UTC+5:30",,bjp,https://trends.google.com/trends/explore?q=bjp&geo=IN&hl=en
jannik sinner,1K+,"September 3, 2024 at 6:50:00 AM UTC+5:30",,jannik sinner,https://trends.google.com/trends/explore?q=jannik%20sinner&geo=IN&hl=en
keanu reeves,2K+,"September 2, 2024 at 10:30:00 PM UTC+5:30",,keanu reeves,https://trends.google.com/trends/explore?q=keanu%20reeves&geo=IN&hl=en
the lady killer movie,1K+,"September 3, 2024 at 6:30:00 AM UTC+5:30",,"the lady killer movie,the lady killer,arjun kapoor",https://trends.google.com/trends/explore?q=the%20lady%20killer%20movie&geo=IN&hl=en
brunei,2K+,"September 2, 2024 at 7:30:00 PM UTC+5:30",,brunei,https://trends.google.com/trends/explore?q=brunei&geo=IN&hl=en
portugal fc,2K+,"September 2, 2024 at 11:40:00 PM UTC+5:30",,portugal fc,https://trends.google.com/trends/explore?q=portugal%20fc&geo=IN&hl=en
labor day,5K+,"September 2, 2024 at 9:50:00 AM UTC+5:30",,"labor day,labor day 2024,usa",https://trends.google.com/trends/explore?q=labor%20day&geo=IN&hl=en
lucknow,1K+,"September 3, 2024 at 5:20:00 AM UTC+5:30",,lucknow,https://trends.google.com/trends/explore?q=lucknow&geo=IN&hl=en
tommy paul,1K+,"September 3, 2024 at 6:50:00 AM UTC+5:30",,"tommy paul,sinner,shnaider",https://trends.google.com/trends/explore?q=tommy%20paul&geo=IN&hl=en
brad pitt george clooney movie,1K+,"September 3, 2024 at 7:10:00 AM UTC+5:30",,"brad pitt george clooney movie,george clooney,brad pitt",https://trends.google.com/trends/explore?q=brad%20pitt%20george%20clooney%20movie&geo=IN&hl=en
paralympics 2024 medal table,2K+,"September 2, 2024 at 10:40:00 PM UTC+5:30",,"paralympics 2024 medal table,para paris olympics 2024,paralympics medal table 2024,great britain at the paralympics",https://trends.google.com/trends/explore?q=paralympics%202024%20medal%20table&geo=IN&hl=en
ips amit lodha,200+,"September 3, 2024 at 6:40:00 AM UTC+5:30",,ips amit lodha,https://trends.google.com/trends/explore?q=ips%20amit%20lodha&geo=IN&hl=en
msrtc,2K+,"September 2, 2024 at 8:30:00 PM UTC+5:30",,msrtc,https://trends.google.com/trends/explore?q=msrtc&geo=IN&hl=en
03-Sep-24,500+,"September 3, 2024 at 6:20:00 AM UTC+5:30",,"3 september 2024,3 september,today rashifal,mesh rashi today",https://trends.google.com/trends/explore?q=3%20september%202024&geo=IN&hl=en
ananya pandey,500+,"September 3, 2024 at 5:40:00 AM UTC+5:30",,ananya pandey,https://trends.google.com/trends/explore?q=ananya%20pandey&geo=IN&hl=en
sumit antil paralympics 2024,10K+,"September 2, 2024 at 11:00:00 PM UTC+5:30",,"sumit antil paralympics 2024,paralympics medals tally,paris paralympics 2024 india,paralympic 2024,india paralympics,athletics paralympics 2024 medals,paralympics 2024 medal list,paralympics javelin throw,where to watch paralympics,javelin throw paralympics,paralympics 2024 schedule india,devendra jhajharia,shooting sport paralympics 2024 schedule,india at the paralympics schedule,india at paralympics,paralympics 2024: india",https://trends.google.com/trends/explore?q=sumit%20antil%20paralympics%202024&geo=IN&hl=en
indian football team,2K+,"September 2, 2024 at 8:20:00 AM UTC+5:30",,"indian football team,india vs mauritius",https://trends.google.com/trends/explore?q=indian%20football%20team&geo=IN&hl=en
rohan bopanna,1K+,"September 2, 2024 at 11:50:00 PM UTC+5:30",,"rohan bopanna,aldila sutjiadi",https://trends.google.com/trends/explore?q=rohan%20bopanna&geo=IN&hl=en
vedanta dividend,5K+,"September 2, 2024 at 5:00:00 PM UTC+5:30",,"vedanta dividend,vedanta share,vedanta share price",https://trends.google.com/trends/explore?q=vedanta%20dividend&geo=IN&hl=en
beluga whale norway russian spy,1K+,"September 2, 2024 at 8:20:00 PM UTC+5:30",,beluga whale norway russian spy,https://trends.google.com/trends/explore?q=beluga%20whale%20norway%20russian%20spy&geo=IN&hl=en
yulia putintseva,1K+,"September 2, 2024 at 3:00:00 PM UTC+5:30",,yulia putintseva,https://trends.google.com/trends/explore?q=yulia%20putintseva&geo=IN&hl=en
mig 29,1K+,"September 2, 2024 at 11:10:00 PM UTC+5:30",,"mig 29,rajasthan,mig 29 crash",https://trends.google.com/trends/explore?q=mig%2029&geo=IN&hl=en
vishwakarma puja 2024,2K+,"September 2, 2024 at 8:00:00 AM UTC+5:30",,vishwakarma puja 2024,https://trends.google.com/trends/explore?q=vishwakarma%20puja%202024&geo=IN&hl=en
ssc cpo paper,20K+,"September 3, 2024 at 2:30:00 AM UTC+5:30",,"ssc cpo paper,ssc cpo result 2024,ssc cpo,ssc,ssc.gov.in,cpo result 2024,ssc cpo result,cpo result,ssc gov in,cpo,ssc gov,ssc.gov .in",https://trends.google.com/trends/explore?q=ssc%20cpo%20paper&geo=IN&hl=en
school holiday in telangana,500+,"September 3, 2024 at 6:40:00 AM UTC+5:30",,"school holiday in telangana,school holiday",https://trends.google.com/trends/explore?q=school%20holiday%20in%20telangana&geo=IN&hl=en
scotland vs australia,500+,"September 3, 2024 at 1:40:00 AM UTC+5:30",,scotland vs australia,https://trends.google.com/trends/explore?q=scotland%20vs%20australia&geo=IN&hl=en
angelo gabriel,1K+,"September 2, 2024 at 7:50:00 PM UTC+5:30",,angelo gabriel,https://trends.google.com/trends/explore?q=angelo%20gabriel&geo=IN&hl=en
paralympic medal tally 2024,500+,"September 2, 2024 at 11:40:00 PM UTC+5:30",,paralympic medal tally 2024,https://trends.google.com/trends/explore?q=paralympic%20medal%20tally%202024&geo=IN&hl=en
infinix hot 50 5g,500+,"September 2, 2024 at 11:30:00 PM UTC+5:30",,infinix hot 50 5g,https://trends.google.com/trends/explore?q=infinix%20hot%2050%205g&geo=IN&hl=en
todays weather,500+,"September 3, 2024 at 6:20:00 AM UTC+5:30",,todays weather,https://trends.google.com/trends/explore?q=todays%20weather&geo=IN&hl=en
chennai weather,500+,"September 3, 2024 at 1:20:00 AM UTC+5:30",,"chennai weather,weather chennai",https://trends.google.com/trends/explore?q=chennai%20weather&geo=IN&hl=en
brabu,500+,"September 3, 2024 at 5:10:00 AM UTC+5:30",,brabu,https://trends.google.com/trends/explore?q=brabu&geo=IN&hl=en
today school holiday telangana,500+,"September 3, 2024 at 7:10:00 AM UTC+5:30",,"today school holiday telangana,telangana school holidays,is today a holiday in telangana for schools",https://trends.google.com/trends/explore?q=today%20school%20holiday%20telangana&geo=IN&hl=en
portugal,500+,"September 3, 2024 at 12:50:00 AM UTC+5:30",,portugal,https://trends.google.com/trends/explore?q=portugal&geo=IN&hl=en
rima kallingal,2K+,"September 2, 2024 at 1:40:00 PM UTC+5:30",,rima kallingal,https://trends.google.com/trends/explore?q=rima%20kallingal&geo=IN&hl=en
flipkart big billion days sale,1K+,"September 3, 2024 at 2:50:00 AM UTC+5:30",,"flipkart big billion days sale,big billion day 2024,big billion days 2024",https://trends.google.com/trends/explore?q=flipkart%20big%20billion%20days%20sale&geo=IN&hl=en
महिला,200+,"September 3, 2024 at 6:40:00 AM UTC+5:30",,महिला,https://trends.google.com/trends/explore?q=%E0%A4%AE%E0%A4%B9%E0%A4%BF%E0%A4%B2%E0%A4%BE&geo=IN&hl=en
मुंबई,200+,"September 3, 2024 at 6:20:00 AM UTC+5:30",,मुंबई,https://trends.google.com/trends/explore?q=%E0%A4%AE%E0%A5%81%E0%A4%82%E0%A4%AC%E0%A4%88&geo=IN&hl=en
पुलिस,200+,"September 3, 2024 at 6:40:00 AM UTC+5:30",,पुलिस,https://trends.google.com/trends/explore?q=%E0%A4%AA%E0%A5%81%E0%A4%B2%E0%A4%BF%E0%A4%B8&geo=IN&hl=en
sunil bohra,500+,"September 3, 2024 at 12:20:00 AM UTC+5:30",,sunil bohra,https://trends.google.com/trends/explore?q=sunil%20bohra&geo=IN&hl=en
ರಜೆ,1K+,"September 2, 2024 at 10:00:00 PM UTC+5:30",,ರಜೆ,https://trends.google.com/trends/explore?q=%E0%B2%B0%E0%B2%9C%E0%B3%86&geo=IN&hl=en
ios 18 release date,500+,"September 3, 2024 at 1:00:00 AM UTC+5:30",,ios 18 release date,https://trends.google.com/trends/explore?q=ios%2018%20release%20date&geo=IN&hl=en
hal,100+,"September 3, 2024 at 7:40:00 AM UTC+5:30",,hal,https://trends.google.com/trends/explore?q=hal&geo=IN&hl=en
ines de ramon,200+,"September 3, 2024 at 7:40:00 AM UTC+5:30",,ines de ramon,https://trends.google.com/trends/explore?q=ines%20de%20ramon&geo=IN&hl=en
us open tennis,100+,"September 3, 2024 at 7:00:00 AM UTC+5:30",,us open tennis,https://trends.google.com/trends/explore?q=us%20open%20tennis&geo=IN&hl=en
paralympics 2020 medals,200+,"September 3, 2024 at 12:00:00 AM UTC+5:30",,paralympics 2020 medals,https://trends.google.com/trends/explore?q=paralympics%202020%20medals&geo=IN&hl=en
